{"cameraMode":{"drawMode":0,"name":"Shaded","section":"Shading Mode"},"sceneLighting":true,"audioPlay":false,"sceneViewState":{"showFog":false,"showMaterialUpdate":false,"showSkybox":false,"showFlares":false,"showImageEffects":false,"showParticleSystems":false},"in2DMode":false,"pivot":{"x":18.06340789794922,"y":3.689384937286377,"z":-0.8219037055969238},"rotation":{"x":0.019701706245541574,"y":0.01869896613061428,"z":-0.001789892208762467,"w":0.9996375441551209},"size":1.3120067119598389,"orthographic":false}